codigo	nome	valor_sem_contraste	valor_com_contraste
41001010	TC - CRANIO OU SELA TURCICA OU ORBITAS	350.00	520.00
41001028	TC - MASTOIDES OU ORELHAS	350.00	520.00
41001036	TC - FACE OU SEIOS DA FACE	350.00	520.00
41001044	TC - ARTICULACOES TEMPOROMANDIBULARES	350.00	520.00
41001060	TC - PESCOCO (PARTES MOLES, LARINGE, TIREOIDE E FARINGE)	350.00	520.00
41001079	TC - TORAX	450.00	600.00
41001095	TC - ABDOME TOTAL (ABDOME SUPERIOR, PELVE E RETROPERITONIO)	450.00	600.00
41001109	TC - ABDOME SUPERIOR	450.00	600.00
41001117	TC - PELVE OU BACIA	450.00	600.00
41001125	TC - COLUNA CERVICAL OU DORSAL OU LOMBO-SACRA	350.00	520.00
41001141	TC - ARTICULACAO (UNILATERAL)	350.00	520.00
41001150	TC - SEGMENTO APENDICULAR (UNILATERAL)	350.00	520.00
41001362	TC - VIAS URINARIAS (UROTC)	450.00	600.00
41001168	ANGIO-TC CRANIO	500.00	500.00
41001370	ANGIOTOMOGRAFIA ARTERIAL DE CRANIO	500.00	500.00
41001389	ANGIOTOMOGRAFIA VENOSA DE CRANIO	500.00	500.00
41001397	ANGIOTOMOGRAFIA ARTERIAL DE PESCOCO	500.00	500.00
41001400	ANGIOTOMOGRAFIA VENOSA DE PESCOCO	500.00	500.00
41001419	ANGIOTOMOGRAFIA ARTERIAL DE TORAX	500.00	500.00
41001435	ANGIOTOMOGRAFIA ARTERIAL DE ABDOME SUPERIOR	700.00	700.00
41001443	ANGIOTOMOGRAFIA VENOSA DE ABDOME SUPERIOR	500.00	500.00
40808050	CODIGO RX - AMPLIACAO OU MAGNIFICACAO DE LESAO MAMARIA	70.00	70.00
40808033	RX - AMPLIACAO OU MAGNIFICACAO DE LESAO MAMARIA MAMOGRAFIA CONVENCIONAL BILATERAL	120.00	120.00
40808041	MAMOGRAFIA CONVENCIONAL BILATERAL MAMOGRAFIA DIGITAL BILATERAL	160.00	160.00
40803155	MAMOGRAFIA DIGITAL BILATERAL RX - ESCAFOIDE	20.00	20.00
40801012	RX - ESCAFOIDE RX - CRANIO - 2 INCIDENCIAS	40.0	40.0
40801020	RX - CRANIO - 2 INCIDENCIAS RX - CRANIO - 3 INCIDENCIAS	50.00	50.00
40801039	RX - CRANIO - 3 INCIDENCIAS RX - CRANIO - 4 INCIDENCIAS	50.00	50.00
40801047	RX - ORELHA, MASTOIDES OU ROCHEDOS - BILATERAL	40.00	40.00
40801055	RX - ORELHA, MASTOIDES OU ROCHEDOS - BILATERAL RX - ORBITAS - BILATERAL	40.0	40.0
40801063	RX - SEIOS DA FACE	40.00	40.00
40801071	RX-SEIOSDAFACE RX- SELA TURCICA	40.00	40.00
40801080	RX- SELA TURCICA RX - MAXILAR INFERIOR	40.00	40.00
40801098	RX - MAXILAR INFERIOR RX-OSSOS DA FACE	40.0	40.0
40801101	RX - ARCOS ZIGOMATICOS OU MALAR OU APOFISES ESTILOIDES	40.00	40.00
40801110	RX - ARCOS ZIGOMATICOS OU MALAR OU APOFISES ESTILOIDES RX-ARTICULACAOTEMPOROMANDIBULAR-BILATERAL	40.00	40.00
40801128	RX-ARTICULACAOTEMPOROMANDIBULAR-BILATERAL RX - ADENOIDES OU CAVUM	40.00	40.00
40801209	RX - ADENOIDES OU CAVUM RX - INCIDENCIA ADICIONAL DE CRANIO OU FACE	10.00	10.00
40802019	RX - INCIDENCIA ADICIONAL DE CRANIO OU FACE RX - COLUNA CERVICAL - 3 INCIDENCIAS	40.00	40.00
40802027	RX - COLUNA CERVICAL - 3 INCIDENCIAS RX - COLUNA CERVICAL - 5 INCIDENCIAS	50.00	50.00
40802035	RX - COLUNA CERVICAL - 5 INCIDENCIAS RX - COLUNA DORSAL - 2 INCIDENCIAS	40.00	40.00
40802043	RX - COLUNA DORSAL - 2 INCIDENCIAS RX - COLUNA DORSAL - 4 INCIDENCIAS	60.00	60.00
40802051	RX - COLUNA DORSAL - 4 INCIDENCIAS RX - COLUNA LOMBO-SACRA - 3 INCIDENCIAS	80.00	80.00
40802060	RX - COLUNA LOMBO-SACRA - 3 INCIDENCIAS RX - COLUNA LOMBO-SACRA - 5 INCIDENCIAS	40.0	60.0
40802078	RX - COLUNA LOMBO-SACRA - 5 INCIDENCIAS RX - SACRO-COCCIX	50.00	50.00
40802086	RX - SACRO-COCCIX RX - COLUNA DORSO-LOMBAR PARA ESCOLIOSE	70.00	70.00
40802094	RX - COLUNA TOTAL PARA ESCOLIOSE (TELESPONDILOGRAFIA)	40.00	40.00
40802116	RX - COLUNA TOTAL PARA ESCOLIOSE (TELESPONDILOGRAFIA) RX-INCIDENCIA ADICIONALDE COLUNA	40.00	40.00
40803015	RX-INCIDENCIA ADICIONALDE COLUNA RX - ESTERNO	40.00	40.00
40803023	RX - ESTERNO RX-ARTICULACAOESTERNOCLAVICULAR	40.00	40.00
40803031	RX-ARTICULACAOESTERNOCLAVICULAR RX - COSTELAS - POR HEMITORAX	40.00	40.00
40803040	RX - COSTELAS - POR HEMITORAX RX- CLAViCULA	40.0	40.0
40803058	RX- CLAViCULA RX - OMOPLATA OU ESCAPULA	40.00	40.00
40803066	RX - OMOPLATA OU ESCAPULA RX - ARTICULACAO ACROMIOCLAVICULAR	40.00	40.00
40803074	RX - ARTICULACAO ACROMIOCLAVICULAR RX -ARTICULACAO ESCAPULOUMERAL (OMBRO)	40.00	40.00
40803082	RX -ARTICULACAO ESCAPULOUMERAL (OMBRO) RX-BRACO	40.00	40.00
40803090	RX-BRACO RX- COTOVELO	40.00	40.00
40803104	RX- COTOVELO RX-ANTEBRACO	40.00	40.00
40803112	RX-ANTEBRACO RX-PUNHO	40.00	40.00
40803120	RX-PUNHO RX -MAO OU OUIRODACTILO	40.00	40.00
40803139	RX -MAO OU OUIRODACTILO RX-MAOSEPUNHOSPARAIDADEOSSEA	15.00	15.00
40803147	RX-MAOSEPUNHOSPARAIDADEOSSEA RX - INCIDENCIA ADICIONAL DE MEMBRO SUPERIOR	40.00	40.00
40804011	RX - INCIDENCIA ADICIONAL DE MEMBRO SUPERIOR RX--BACIA	40.00	40.00
40804020	RX - ARTICULACOES SACROILIACAS	40.00	40.00
40804038	RX-ARTICULACOESSACROILiACAS RX-ARTICULACAOCOXOFEMORAL (QUADRIL)	40.0	40.0
40804054	RX-ARTICULACAOCOXOFEMORAL (QUADRIL) RX - COXA RX - JOELHO	40.0	40.0
40804062	RX - JOELHO RX - PATELA	40.00	40.00
40804070	RX - PERNA	40.00	40.00
40804089	RX - PERNA RX - ARTICULACAO TIBIOTARSICA (TORNOZELO)	40.00	40.00
40804097	RX - ARTICULACAO TIBIOTARSICA (TORNOZELO) RX - PE OU PODODACTILO	40.00	40.00
40804100	RX - PE OU PODODACTILO RX - CALCANEO	40.00	40.00
40804119	RX - CALCANEO RX - ESCANOMETRIA	40.00	40.00
40804127	RX - ESCANOMETRIA RX - PANORAMICA DOS MEMBROS INFERIORES	50.00	50.00
40804135	RX - PANORAMICA DOS MEMBROS INFERIORES RX - INCIDENCIA ADICIONAL DE MEMBRO INFERIOR	15.00	15.00
40805018	RX - INCIDENCIA ADICIONAL DE MEMBRO INFERIOR RX - TORAX - 1 INCIDENCIA	30.00	30.00
40805026	RX - TORAX - 1 INCIDENCIA RX - TORAX - 2 INCIDENCIAS	40.00	40.00
40805034	RX - TORAX - 2 INCIDENCIAS RX - TORAX - 3 INCIDENCIAS	40.00	40.00
40805042	RX - TORAX - 3 INCIDENCIAS RX - TORAX - 4 INCIDENCIAS	60.00	60.00
40805077	RX - TORAX - 4 INCIDENCIAS RX - LARINGE OU HIPOFARINGE OU PESCOCO (PARTES	40.00	40.00
40808017	RX - LARINGE OU HIPOFARINGE OU PESCOCO (PARTES MOLES) RX - ABDOME SIMPLES	40.00	40.00
40808025	RX - ABDOME SIMPLES RX - ABDOME AGUDO	50.00	50.00
40808114	RX - ABDOME AGUDO RX - ESQUELETO (INCIDENCIAS BASICAS DE: CRANIO)	310.00	310.00
