NroServico	NmeServico	DtaIniValidade	DtaFimValidade	NroCBO	NroPorte
40801012	RX - CRÂNIO - 2 INCIDÊNCIAS	6/1/2025	6/26/2033	0	
40801020	RX - CRÂNIO - 3 INCIDÊNCIAS	6/1/2025	6/26/2033	0	
40801039	RX - CRÂNIO - 4 INCIDÊNCIAS	6/1/2025	6/26/2033	0	
40801047	RX - ORELHA, MASTÓIDES OU ROCHEDOS - BILATERAL	6/1/2025	6/26/2033	0	
40801055	RX - ÓRBITAS - BILATERAL	6/1/2025	6/26/2033	0	
40801063	RX - SEIOS DA FACE	6/1/2025	6/26/2033	0	
40801071	RX - SELA TÚRCICA	6/1/2025	6/26/2033	0	
40801080	RX - MAXILAR INFERIOR	6/1/2025	6/26/2033	0	
40801098	RX - OSSOS DA FACE	6/1/2025	6/26/2033	0	
40801101	RX - ARCOS ZIGOMÁTICOS OU MALAR OU APÓFISES ESTILÓIDES	6/1/2025	6/26/2033	0	
40801110	RX - ARTICULAÇÃO TEMPOROMANDIBULAR - BILATERAL	6/1/2025	6/26/2033	0	
40801128	RX - ADENÓIDES OU CAVUM	6/1/2025	6/26/2033	0	
40801209	RX - INCIDÊNCIA ADICIONAL DE CRÂNIO OU FACE	6/1/2025	6/26/2033	0	
40802019	RX - COLUNA CERVICAL - 3 INCIDÊNCIAS	6/1/2025	6/26/2033	0	
40802027	RX - COLUNA CERVICAL - 5 INCIDÊNCIAS	6/1/2025	6/26/2033	0	
40802035	RX - COLUNA DORSAL - 2 INCIDÊNCIAS	6/1/2025	6/26/2033	0	
40802043	RX - COLUNA DORSAL - 4 INCIDÊNCIAS	6/1/2025	6/26/2033	0	
40802051	RX - COLUNA LOMBO-SACRA - 3 INCIDÊNCIAS	6/1/2025	6/26/2033	0	
40802060	RX - COLUNA LOMBO-SACRA - 5 INCIDÊNCIAS	6/1/2025	6/26/2033	0	
40802078	RX - SACRO-COCCIX	6/1/2025	6/26/2033	0	
40802086	RX - COLUNA DORSO-LOMBAR PARA ESCOLIOSE	6/1/2025	6/26/2033	0	
40802094	RX - COLUNA TOTAL PARA ESCOLIOSE (TELESPONDILOGRAFIA)	6/1/2025	6/26/2033	0	
40802116	RX - INCIDÊNCIA ADICIONAL DE COLUNA	6/1/2025	6/26/2033	0	
40803015	RX - ESTERNO	6/1/2025	6/26/2033	0	
40803023	RX - ARTICULAÇÃO ESTERNOCLAVICULAR	6/1/2025	6/26/2033	0	
40803031	RX - COSTELAS - POR HEMITÓRAX	6/1/2025	6/26/2033	0	
40803040	RX - CLAVÍCULA	6/1/2025	6/26/2033	0	
40803058	RX - OMOPLATA OU ESCÁPULA	6/1/2025	6/26/2033	0	
40803066	RX - ARTICULAÇÃO ACROMIOCLAVICULAR	6/1/2025	6/26/2033	0	
40803074	RX - ARTICULAÇÃO ESCAPULOUMERAL (OMBRO)	6/1/2025	6/26/2033	0	
40803082	RX - BRAÇO	6/1/2025	6/26/2033	0	
40803090	RX - COTOVELO	6/1/2025	6/26/2033	0	
40803104	RX - ANTEBRAÇO	6/1/2025	6/26/2033	0	
40803112	RX - PUNHO	6/1/2025	6/26/2033	0	
40803120	RX - MÃO OU QUIRODÁCTILO	6/1/2025	6/26/2033	0	
40803139	RX - MÃOS E PUNHOS PARA IDADE ÓSSEA	6/1/2025	6/26/2033	0	
40803147	RX - INCIDÊNCIA ADICIONAL DE MEMBRO SUPERIOR	6/1/2025	6/26/2033	0	
40803155	RX - ESCAFÓIDE	6/1/2025	6/26/2033	0	
40804011	RX - BACIA	6/1/2025	6/26/2033	0	
40804020	RX - ARTICULAÇÕES SACROILÍACAS	6/1/2025	6/26/2033	0	
40804038	RX - ARTICULAÇÃO COXOFEMORAL (QUADRIL)	6/1/2025	6/26/2033	0	
40804046	RX - COXA	6/1/2025	6/26/2033	0	
40804054	RX - JOELHO	6/1/2025	6/26/2033	0	
40804062	RX - PATELA	6/1/2025	6/26/2033	0	
40804070	RX - PERNA	6/1/2025	6/26/2033	0	
40804089	RX - ARTICULAÇÃO TIBIOTÁRSICA (TORNOZELO)	6/1/2025	6/26/2033	0	
40804097	RX - PÉ OU PODODÁCTILO	6/1/2025	6/26/2033	0	
40804100	RX - CALCÂNEO	6/1/2025	6/26/2033	0	
40804119	RX - ESCANOMETRIA	6/1/2025	6/26/2033	0	
40804127	RX - PANORÂMICA DOS MEMBROS INFERIORES	6/1/2025	6/26/2033	0	
40804135	RX - INCIDÊNCIA ADICIONAL DE MEMBRO INFERIOR	6/1/2025	6/26/2033	0	
40805018	RX - TÓRAX - 1 INCIDÊNCIA	6/1/2025	6/26/2033	0	
40805026	RX - TÓRAX - 2 INCIDÊNCIAS	6/1/2025	6/26/2033	0	
40805034	RX - TÓRAX - 3 INCIDÊNCIAS	6/1/2025	6/26/2033	0	
40805042	RX - TÓRAX - 4 INCIDÊNCIAS	6/1/2025	6/26/2033	0	
40805077	RX - LARINGE OU HIPOFARINGE OU PESCOÇO (PARTES MOLES)	6/1/2025	6/26/2033	0	
40808017	RX - ABDOME SIMPLES	6/1/2025	6/26/2033	0	
40808025	RX - ABDOME AGUDO	6/1/2025	6/26/2033	0	
40808041	MAMOGRAFIA DIGITAL BILATERAL	6/1/2025	6/26/2033	0	
40808114	RX - ESQUELETO (INCIDÊNCIAS BÁSICAS DE: CRÂNIO, COLUNA, BACIA E MEMBROS)	6/1/2025	6/26/2033	0	
40808360	LAUDO EVOLUTIVO DE MAMOGRAFIA POR PROCEDIMENTO	6/1/2025	6/26/2033	0	
40808386	LAUDO EVOLUTIVO DE RAIO X POR PROCEDIMENTO	6/1/2025	6/26/2033	0	
40901017	US - GLOBO OCULAR - BILATERAL	4/1/2024	6/26/2033	0	
40901025	US - GLOBO OCULAR COM DOPPLER COLORIDO - BILATERAL	4/1/2024	6/26/2033	0	
40901033	US - GLÂNDULAS SALIVARES (TODAS)	4/1/2024	6/26/2033	0	
40901114	US - MAMAS	4/1/2024	6/26/2033	0	
40901122	US - ABDOME TOTAL (ABDOME SUPERIOR, RINS, BEXIGA, AORTA, VEIA CAVA INFERIOR E ADRENAIS)	4/1/2024	6/26/2033	0	
40901130	US - ABDOME SUPERIOR (FÍGADO, VIAS BILIARES, VESÍCULA, PÂNCREAS E BAÇO)	4/1/2024	6/26/2033	0	
40901149	US - RETROPERITÔNIO (GRANDES VASOS OU ADRENAIS)	4/1/2024	6/26/2033	0	
40901173	US - ABDOME INFERIOR MASCULINO (BEXIGA, PRÓSTATA E VESÍCULAS SEMINAIS)	4/1/2024	6/26/2033	0	
40901181	US - ABDOME INFERIOR FEMININO (BEXIGA, ÚTERO, OVÁRIO E ANEXOS)	4/1/2024	6/26/2033	0	
40901190	US - DERMATOLÓGICO - PELE E SUBCUTÂNEO	4/1/2024	6/26/2033	0	
40901203	US - ÓRGÃOS SUPERFICIAIS (TIREÓIDE OU ESCROTO OU PÊNIS OU CRÂNIO)	4/1/2024	6/26/2033	0	
40901211	US - ESTRUTURAS SUPERFICIAIS (CERVICAL OU AXILA OU MÚSCULO OU TENDÃO)	4/1/2024	6/26/2033	0	
40901220	US - ARTICULAR (POR ARTICULAÇÃO)	4/1/2024	6/26/2033	0	
40901238	US - OBSTÉTRICA	4/1/2024	6/26/2033	0	
40901246	US - OBSTÉTRICA COM DOPPLER COLORIDO	4/1/2024	6/26/2033	0	
40901254	US - OBSTÉTRICA COM TRANSLUCÊNCIA NUCAL	4/1/2024	6/26/2033	0	
40901262	US - OBSTÉTRICA MORFOLÓGICA	4/1/2024	6/26/2033	0	
40901270	US - OBSTÉTRICA GESTAÇÃO MÚLTIPLA: CADA FETO	4/1/2024	6/26/2033	0	
40901289	US - OBSTÉTRICA GESTAÇÃO MÚLTIPLA COM DOPPLER COLORIDO: CADA FETO	4/1/2024	6/26/2033	0	
40901300	US - TRANSVAGINAL (ÚTERO, OVÁRIO, ANEXOS E VAGINA)	4/1/2024	6/26/2033	0	
40901319	US - TRANSVAGINAL PARA CONTROLE DE OVULAÇÃO (3 OU MAIS EXAMES)	4/1/2024	6/26/2033	0	
40901335	US - PRÓSTATA TRANSRETAL (NÃO INCLUI ABDOME INFERIOR MASCULINO)	4/1/2024	6/26/2033	0	
40901351	DOPPLER COLORIDO TRANSFONTANELA	4/1/2024	6/26/2033	0	
40901360	DOPPLER COLORIDO DE VASOS CERVICAIS ARTERIAIS BILATERAL (CARÓTIDAS E VERTEBRAIS)	4/1/2024	6/26/2033	0	
40901378	DOPPLER COLORIDO DE VASOS CERVICAIS VENOSOS BILATERAL (SUBCLÁVIAS E JUGULARES)	4/1/2024	6/26/2033	0	
40901386	DOPPLER COLORIDO DE ÓRGÃO OU ESTRUTURA ISOLADA	4/1/2024	6/26/2033	0	
40901394	DOPPLER COLORIDO DE AORTA E ARTÉRIAS RENAIS	4/1/2024	6/26/2033	0	
40901408	DOPPLER COLORIDO DE AORTA E ILÍACAS	4/1/2024	6/26/2033	0	
40901416	DOPPLER COLORIDO DE ARTÉRIAS VISCERAIS (MESENTÉRICAS SUPERIOR E INFERIOR E TRONCO CELÍACO)	4/1/2024	6/26/2033	0	
40901424	DOPPLER COLORIDO DE HEMANGIOMA	4/1/2024	6/26/2033	0	
40901432	DOPPLER COLORIDO DE VEIA CAVA SUPERIOR OU INFERIOR	4/1/2024	6/26/2033	0	
40901459	DOPPLER COLORIDO ARTERIAL DE MEMBRO SUPERIOR - UNILATERAL	4/1/2024	6/26/2033	0	
40901467	DOPPLER COLORIDO VENOSO DE MEMBRO SUPERIOR - UNILATERAL	4/1/2024	6/26/2033	0	
40901475	DOPPLER COLORIDO ARTERIAL DE MEMBRO INFERIOR - UNILATERAL	4/1/2024	6/26/2033	0	
40901483	DOPPLER COLORIDO VENOSO DE MEMBRO INFERIOR - UNILATERAL	4/1/2024	6/26/2033	0	
40901513	DOPPLER COLORIDO DE ARTÉRIAS PENIANAS (SEM FÁRMACO INDUÇÃO)	4/1/2024	6/26/2033	0	
40901530	ULTRASSONOGRAFIA DIAGNÓSTICA - MONOCULAR	4/1/2024	6/26/2033	0	
40901548	DOPPLER CONVENCIONAL ÓRGÃO/ESTRUTURA ISOLADA	4/1/2024	6/26/2033	0	
40901572	ULTRASSOM COM DOPPLER ABDÔME TOTAL E PELVE FEMININO	4/1/2024	6/26/2033	0	
40901610	US - CRÂNIO PARA CRIANÇA	4/1/2024	6/26/2033	0	
40901661	US - ECODOPPLER DE CARÓTIDAS	4/1/2024	6/26/2033	0	
40901742	US - TRANSRETAL RADIAL	4/1/2024	6/26/2033	0	
40901750	US - PRÓSTATA (VIA ABDOMINAL)	4/1/2024	6/26/2033	0	
40901769	US - APARELHO URINÁRIO (RINS, URETERES E BEXIGA)	4/1/2024	6/26/2033	0	
40901858	US - PESQUISA DE ENDOMETRIOSE	4/1/2024	6/26/2033	0	
41001010	TC - CRÂNIO OU SELA TÚRCICA OU ÓRBITAS	6/26/2023	6/26/2033	0	
41001028	TC - MASTÓIDES OU ORELHAS	6/26/2023	6/26/2033	0	
41001036	TC - FACE OU SEIOS DA FACE	6/26/2023	6/26/2033	0	
41001044	TC - ARTICULAÇÕES TEMPOROMANDIBULARES	6/26/2023	6/26/2033	0	
41001060	TC - PESCOÇO (PARTES MOLES, LARINGE, TIREÓIDE, FARINGE E GLÂNDULAS SALIVARES)	6/26/2023	6/26/2033	0	
41001079	TC - TÓRAX	6/26/2023	6/26/2033	0	
41001095	TC - ABDOME TOTAL (ABDOME SUPERIOR, PELVE E RETROPERITÔNIO)	6/26/2023	6/26/2033	0	
41001109	TC - ABDOME SUPERIOR	6/26/2023	6/26/2033	0	
41001117	TC - PELVE OU BACIA	6/26/2023	6/26/2033	0	
41001125	TC - COLUNA CERVICAL OU DORSAL OU LOMBO-SACRA (ATÉ 3 SEGMENTOS)	6/26/2023	6/26/2033	0	
41001133	TC - COLUNA - SEGMENTO ADICIONAL	6/26/2023	6/26/2033	0	
41001141	TC - ARTICULAÇÃO (ESTERNOCLAVICULAR OU OMBRO OU COTOVELO OU PUNHO OU SACROILÍACAS OU COXOFEMORAL OU JOELHO OU TORNOZELO) - UNILATERAL	6/26/2023	6/26/2033	0	
41001150	TC - SEGMENTO APENDICULAR (BRAÇO OU ANTEBRAÇO OU MÃO OU COXA OU PERNA OU PÉ) - UNILATERAL	6/26/2023	6/26/2033	0	
41001176	ANGIOTOMOGRAFIA DE AORTA TORÁCICA	6/26/2023	6/26/2033	0	
41001184	ANGIOTOMOGRAFIA DE AORTA ABDOMINAL	6/26/2023	6/26/2033	0	
41001273	TC - MANDÍBULA	6/26/2023	6/26/2033	0	
41001281	TC - MAXILAR	6/26/2023	6/26/2033	0	
41001370	ANGIOTOMOGRAFIA ARTERIAL DE CRÂNIO	6/26/2023	6/26/2033	0	
41001389	ANGIOTOMOGRAFIA VENOSA DE CRÂNIO	6/26/2023	6/26/2033	0	
41001397	ANGIOTOMOGRAFIA ARTERIAL DE PESCOÇO	6/26/2023	6/26/2033	0	
41001400	ANGIOTOMOGRAFIA VENOSA DE PESCOÇO	6/26/2023	6/26/2033	0	
41001419	ANGIOTOMOGRAFIA ARTERIAL DE TÓRAX	6/26/2023	6/26/2033	0	
41001427	ANGIOTOMOGRAFIA VENOSA DE TÓRAX	6/26/2023	6/26/2033	0	
41001451	ANGIOTOMOGRAFIA ARTERIAL DE PELVE	6/26/2023	6/26/2033	0	
41001460	ANGIOTOMOGRAFIA VENOSA DE PELVE	6/26/2023	6/26/2033	0	
41001516	ANGIOTOMOGRAFIA ARTERIAL PULMONAR	6/26/2023	6/26/2033	0	
41001524	ANGIOTOMOGRAFIA VENOSA PULMONAR	6/26/2023	6/26/2033	0	
41002040	TC - PUNÇÃO PARA INTRODUÇÃO DE CONTRASTE (ACRESCENTAR O EXAME DE BASE)	6/26/2023	6/26/2033	0	
41101014	RM - CRÂNIO (ENCÉFALO)	6/26/2023	6/26/2033	0	
41101022	RM - SELA TÚRCICA (HIPÓFISE)	6/26/2023	6/26/2033	0	
41101030	RM - BASE DO CRÂNIO	6/26/2023	6/26/2033	0	
41101057	PERFUSÃO CEREBRAL POR RM	6/26/2023	6/26/2033	0	
41101065	ESPECTROSCOPIA POR RM	6/26/2023	6/26/2033	0	
41101073	RM - ÓRBITA BILATERAL	6/26/2023	6/26/2033	0	
41101081	RM - OSSOS TEMPORAIS BILATERAL	6/26/2023	6/26/2033	0	
41101090	RM - FACE (INCLUI SEIOS DA FACE)	6/26/2023	6/26/2033	0	
41101103	RM - ARTICULAÇÃO TEMPOROMANDIBULAR (BILATERAL)	6/26/2023	6/26/2033	0	
41101111	RM - PESCOÇO (NASOFARINGE, OROFARINGE, LARINGE, TRAQUÉIA, TIREÓIDE, PARATIREÓIDE)	6/26/2023	6/26/2033	0	
41101120	RM - TÓRAX (MEDIASTINO, PULMÃO, PAREDE TORÁCICA)	6/26/2023	6/26/2033	0	
41101138	RM - CORAÇÃO - MORFOLÓGICO E FUNCIONAL	6/26/2023	6/26/2033	0	
41101170	RM - ABDOME SUPERIOR (FÍGADO, PÂNCREAS, BAÇO, RINS, SUPRA-RENAIS, RETROPERITÔNIO)	6/26/2023	6/26/2033	0	
41101189	RM - PELVE (NÃO INCLUI ARTICULAÇÕES COXOFEMORAIS)	6/26/2023	6/26/2033	0	
41101197	RM - FETAL	6/26/2023	6/26/2033	0	
41101200	RM - PÊNIS	6/26/2023	6/26/2033	0	
41101219	RM - BOLSA ESCROTAL	6/26/2023	6/26/2033	0	
41101227	RM - COLUNA CERVICAL OU DORSAL OU LOMBAR	6/26/2023	6/26/2033	0	
41101235	RM - FLUXO LIQUÓRICO (COMO COMPLEMENTAR)	6/26/2023	6/26/2033	0	
41101243	RM - PLEXO BRAQUIAL (DESFILADEIRO TORÁCICO) OU LOMBOSSACRAL (NÃO INCLUI COLUNA CERVICAL OU LOMBAR)	6/26/2023	6/26/2033	0	
41101251	RM - MEMBRO SUPERIOR UNILATERAL (NÃO INCLUI MÃO E ARTICULAÇÕES)	6/26/2023	6/26/2033	0	
41101260	RM - MÃO (NÃO INCLUI PUNHO)	6/26/2023	6/26/2033	0	
41101278	RM - BACIA (ARTICULAÇÕES SACROILÍACAS)	6/26/2023	6/26/2033	0	
41101286	RM - COXA (UNILATERAL)	6/26/2023	6/26/2033	0	
41101294	RM - PERNA (UNILATERAL)	6/26/2023	6/26/2033	0	
41101308	RM - PÉ (ANTEPÉ) - NÃO INCLUI TORNOZELO	6/26/2023	6/26/2033	0	
41101316	RM - ARTICULAR (POR ARTICULAÇÃO)	6/26/2023	6/26/2033	0	
41101332	ANGIO-RM DE AORTA TORÁCICA	6/26/2023	6/26/2033	0	
41101340	ANGIO-RM DE AORTA ABDOMINAL	6/26/2023	6/26/2033	0	
41101359	HIDRO-RM (COLÂNGIO-RM OU URO-RM OU MIELO-RM OU SIALO-RM OU CISTOGRAFIA POR RM)	6/26/2023	6/26/2033	0	
41101472	RM - PLANEJAMENTO	6/26/2023	6/26/2033	0	
41101480	RM - MAMA (BILATERAL)	6/26/2023	6/26/2033	0	
41101499	ANGIO-RM ARTERIAL PULMONAR	6/26/2023	6/26/2033	0	
41101502	ANGIO-RM VENOSA PULMONAR	6/26/2023	6/26/2033	0	
41101510	ANGIO-RM ARTERIAL DE ABDOME SUPERIOR	6/26/2023	6/26/2033	0	
41101529	ANGIO-RM VENOSA DE ABDOME SUPERIOR	6/26/2023	6/26/2033	0	
41101537	ANGIO-RM ARTERIAL DE CRÂNIO	6/26/2023	6/26/2033	0	
41101545	ANGIO-RM VENOSA DE CRÂNIO	6/26/2023	6/26/2033	0	
41101553	ANGIO-RM ARTERIAL DE MEMBRO INFERIOR (UNILATERAL)	6/26/2023	6/26/2033	0	
41101596	ANGIO-RM ARTERIAL DE PELVE	6/26/2023	6/26/2033	0	
41101600	ANGIO-RM VENOSA DE PELVE	6/26/2023	6/26/2033	0	
41101618	ANGIO-RM ARTERIAL DE PESCOÇO	6/26/2023	6/26/2033	0	
41101626	ANGIO-RM VENOSA DE PESCOÇO	6/26/2023	6/26/2033	0	
