codigo	nome	valor
40801012	RX - CRÂNIO - 2 INCIDÊNCIAS	31.01
40801020	RX - CRÂNIO - 3 INCIDÊNCIAS	33.96
40801039	RX - CRÂNIO - 4 INCIDÊNCIAS	44.46
40801047	RX - ORELHA, MASTÓIDES OU ROCHEDOS - BILATERAL	45.79
40801055	RX - ÓRBITAS - BILATERAL	34.09
40801063	RX - SEIOS DA FACE	32.18
40801071	RX - SELA TÚRCICA	30.99
40801080	RX - MAXILAR INFERIOR	30.99
40801098	RX - OSSOS DA FACE	34.09
40801101	RX - ARCOS ZIGOMÁTICOS OU MALAR OU APÓFISES ESTILÓIDES	32.18
40801110	RX - ARTICULAÇÃO TEMPOROMANDIBULAR - BILATERAL	34.09
40801128	RX - ADENÓIDES OU CAVUM	28.99
40801209	RX - INCIDÊNCIA ADICIONAL DE CRÂNIO OU FACE	11.96
40802019	RX - COLUNA CERVICAL - 3 INCIDÊNCIAS	30.71
40802027	RX - COLUNA CERVICAL - 5 INCIDÊNCIAS	42.98
40802035	RX - COLUNA DORSAL - 2 INCIDÊNCIAS	33.81
40802043	RX - COLUNA DORSAL - 4 INCIDÊNCIAS	48.27
40802051	RX - COLUNA LOMBO-SACRA - 3 INCIDÊNCIAS	35.29
40802060	RX - COLUNA LOMBO-SACRA - 5 INCIDÊNCIAS	48.27
40802078	RX - SACRO-COCCIX	32.43
40802086	RX - COLUNA DORSO-LOMBAR PARA ESCOLIOSE	43.85
40802094	RX - COLUNA TOTAL PARA ESCOLIOSE (TELESPONDILOGRAFIA)	62.78
40802116	RX - INCIDÊNCIA ADICIONAL DE COLUNA	13.40
40803015	RX - ESTERNO	32.49
40803023	RX - ARTICULAÇÃO ESTERNOCLAVICULAR	30.71
40803031	RX - COSTELAS - POR HEMITÓRAX	32.98
40803040	RX - CLAVÍCULA	31.01
40803058	RX - OMOPLATA OU ESCÁPULA	32.49
40803066	RX - ARTICULAÇÃO ACROMIOCLAVICULAR	29.82
40803074	RX - ARTICULAÇÃO ESCAPULOUMERAL (OMBRO)	29.82
40803082	RX - BRAÇO	31.01
40803090	RX - COTOVELO	28.99
40803104	RX - ANTEBRAÇO	30.18
40803112	RX - PUNHO	30.77
40803120	RX - MÃO OU QUIRODÁCTILO	28.99
40803139	RX - MÃOS E PUNHOS PARA IDADE ÓSSEA	28.70
40803147	RX - INCIDÊNCIA ADICIONAL DE MEMBRO SUPERIOR	11.69
40803155	RX - ESCAFÓIDE	37.85
40804011	RX - BACIA	30.38
40804020	RX - ARTICULAÇÕES SACROILÍACAS	31.54
40804038	RX - ARTICULAÇÃO COXOFEMORAL (QUADRIL)	31.99
40804046	RX - COXA	32.98
40804054	RX - JOELHO	30.18
40804062	RX - PATELA	31.90
40804070	RX - PERNA	32.15
40804089	RX - ARTICULAÇÃO TIBIOTÁRSICA (TORNOZELO)	28.99
40804097	RX - PÉ OU PODODÁCTILO	30.18
40804100	RX - CALCÂNEO	28.99
40804119	RX - ESCANOMETRIA	31.21
40804127	RX - PANORÂMICA DOS MEMBROS INFERIORES	43.79
40804135	RX - INCIDÊNCIA ADICIONAL DE MEMBRO INFERIOR	11.69
40805018	RX - TÓRAX - 1 INCIDÊNCIA	26.80
40805026	RX - TÓRAX - 2 INCIDÊNCIAS	33.19
40805034	RX - TÓRAX - 3 INCIDÊNCIAS	36.71
40805042	RX - TÓRAX - 4 INCIDÊNCIAS	48.98
40805077	RX - LARINGE OU HIPOFARINGE OU PESCOÇO (PARTES MOLES)	31.60
40808017	RX - ABDOME SIMPLES	30.38
40808025	RX - ABDOME AGUDO	48.89
40808041	MAMOGRAFIA DIGITAL BILATERAL	134.27
40808114	RX - ESQUELETO (INCIDÊNCIAS BÁSICAS DE: CRÂNIO, COLUNA, BACIA E MEMBROS)	281.65
40808360	LAUDO EVOLUTIVO DE MAMOGRAFIA POR PROCEDIMENTO	58.21
40808386	LAUDO EVOLUTIVO DE RAIO X POR PROCEDIMENTO	18.65
40901017	US - GLOBO OCULAR - BILATERAL	80.44
40901025	US - GLOBO OCULAR COM DOPPLER COLORIDO - BILATERAL	151.97
40901033	US - GLÂNDULAS SALIVARES (TODAS)	80.44
40901114	US - MAMAS	80.44
40901122	US - ABDOME TOTAL (ABDOME SUPERIOR, RINS, BEXIGA, AORTA, VEIA CAVA INFERIOR E ADRENAIS)	136.79
40901130	US - ABDOME SUPERIOR (FÍGADO, VIAS BILIARES, VESÍCULA, PÂNCREAS E BAÇO)	95.99
40901149	US - RETROPERITÔNIO (GRANDES VASOS OU ADRENAIS)	110.76
40901173	US - ABDOME INFERIOR MASCULINO (BEXIGA, PRÓSTATA E VESÍCULAS SEMINAIS)	83.85
40901181	US - ABDOME INFERIOR FEMININO (BEXIGA, ÚTERO, OVÁRIO E ANEXOS)	87.99
40901190	US - DERMATOLÓGICO - PELE E SUBCUTÂNEO	59.68
40901203	US - ÓRGÃOS SUPERFICIAIS (TIREÓIDE OU ESCROTO OU PÊNIS OU CRÂNIO)	66.95
40901211	US - ESTRUTURAS SUPERFICIAIS (CERVICAL OU AXILA OU MÚSCULO OU TENDÃO)	66.95
40901220	US - ARTICULAR (POR ARTICULAÇÃO)	80.44
40901238	US - OBSTÉTRICA	59.87
40901246	US - OBSTÉTRICA COM DOPPLER COLORIDO	137.16
40901254	US - OBSTÉTRICA COM TRANSLUCÊNCIA NUCAL	123.73
40901262	US - OBSTÉTRICA MORFOLÓGICA	153.90
40901270	US - OBSTÉTRICA GESTAÇÃO MÚLTIPLA: CADA FETO	41.47
40901289	US - OBSTÉTRICA GESTAÇÃO MÚLTIPLA COM DOPPLER COLORIDO: CADA FETO	75.39
40901300	US - TRANSVAGINAL (ÚTERO, OVÁRIO, ANEXOS E VAGINA)	80.63
40901319	US - TRANSVAGINAL PARA CONTROLE DE OVULAÇÃO (3 OU MAIS EXAMES)	160.44
40901335	US - PRÓSTATA TRANSRETAL (NÃO INCLUI ABDOME INFERIOR MASCULINO)	128.24
40901351	DOPPLER COLORIDO TRANSFONTANELA	170.97
40901360	DOPPLER COLORIDO DE VASOS CERVICAIS ARTERIAIS BILATERAL (CARÓTIDAS E VERTEBRAIS)	209.96
40901378	DOPPLER COLORIDO DE VASOS CERVICAIS VENOSOS BILATERAL (SUBCLÁVIAS E JUGULARES)	233.42
40901386	DOPPLER COLORIDO DE ÓRGÃO OU ESTRUTURA ISOLADA	166.47
40901394	DOPPLER COLORIDO DE AORTA E ARTÉRIAS RENAIS	182.97
40901408	DOPPLER COLORIDO DE AORTA E ILÍACAS	182.97
40901416	DOPPLER COLORIDO DE ARTÉRIAS VISCERAIS (MESENTÉRICAS SUPERIOR E INFERIOR E TRONCO CELÍACO)	182.97
40901424	DOPPLER COLORIDO DE HEMANGIOMA	182.97
40901432	DOPPLER COLORIDO DE VEIA CAVA SUPERIOR OU INFERIOR	182.97
40901459	DOPPLER COLORIDO ARTERIAL DE MEMBRO SUPERIOR - UNILATERAL	246.47
40901467	DOPPLER COLORIDO VENOSO DE MEMBRO SUPERIOR - UNILATERAL	269.93
40901475	DOPPLER COLORIDO ARTERIAL DE MEMBRO INFERIOR - UNILATERAL	246.47
40901483	DOPPLER COLORIDO VENOSO DE MEMBRO INFERIOR - UNILATERAL	269.93
40901513	DOPPLER COLORIDO DE ARTÉRIAS PENIANAS (SEM FÁRMACO INDUÇÃO)	150.45
40901530	ULTRASSONOGRAFIA DIAGNÓSTICA - MONOCULAR	92.00
40901548	DOPPLER CONVENCIONAL ÓRGÃO/ESTRUTURA ISOLADA	62.08
40901572	ULTRASSOM COM DOPPLER ABDÔME TOTAL E PELVE FEMININO	162.40
40901610	US - CRÂNIO PARA CRIANÇA	35.00
40901661	US - ECODOPPLER DE CARÓTIDAS	202.97
40901742	US - TRANSRETAL RADIAL	278.89
40901750	US - PRÓSTATA (VIA ABDOMINAL)	94.48
40901769	US - APARELHO URINÁRIO (RINS, URETERES E BEXIGA)	137.69
40901858	US - PESQUISA DE ENDOMETRIOSE	723.89
41001010	TC - CRÂNIO OU SELA TÚRCICA OU ÓRBITAS	284.26
41001028	TC - MASTÓIDES OU ORELHAS	305.71
41001036	TC - FACE OU SEIOS DA FACE	264.92
41001044	TC - ARTICULAÇÕES TEMPOROMANDIBULARES	264.92
41001060	TC - PESCOÇO (PARTES MOLES, LARINGE, TIREÓIDE, FARINGE E GLÂNDULAS SALIVARES)	324.71
41001079	TC - TÓRAX	324.71
41001095	TC - ABDOME TOTAL (ABDOME SUPERIOR, PELVE E RETROPERITÔNIO)	495.89
41001109	TC - ABDOME SUPERIOR	324.71
41001117	TC - PELVE OU BACIA	305.71
41001125	TC - COLUNA CERVICAL OU DORSAL OU LOMBO-SACRA (ATÉ 3 SEGMENTOS)	256.98
41001133	TC - COLUNA - SEGMENTO ADICIONAL	73.65
41001141	TC - ARTICULAÇÃO (ESTERNOCLAVICULAR OU OMBRO OU COTOVELO OU PUNHO OU SACROILÍACAS OU COXOFEMORAL OU JOELHO OU TORNOZELO) - UNILATERAL	305.71
41001150	TC - SEGMENTO APENDICULAR (BRAÇO OU ANTEBRAÇO OU MÃO OU COXA OU PERNA OU PÉ) - UNILATERAL	305.71
41001176	ANGIOTOMOGRAFIA DE AORTA TORÁCICA	336.71
41001184	ANGIOTOMOGRAFIA DE AORTA ABDOMINAL	336.71
41001273	TC - MANDÍBULA	370.54
41001281	TC - MAXILAR	370.54
41001370	ANGIOTOMOGRAFIA ARTERIAL DE CRÂNIO	390.81
41001389	ANGIOTOMOGRAFIA VENOSA DE CRÂNIO	390.81
41001397	ANGIOTOMOGRAFIA ARTERIAL DE PESCOÇO	390.81
41001400	ANGIOTOMOGRAFIA VENOSA DE PESCOÇO	546.14
41001419	ANGIOTOMOGRAFIA ARTERIAL DE TÓRAX	390.81
41001427	ANGIOTOMOGRAFIA VENOSA DE TÓRAX	390.81
41001451	ANGIOTOMOGRAFIA ARTERIAL DE PELVE	390.81
41001460	ANGIOTOMOGRAFIA VENOSA DE PELVE	390.81
41001516	ANGIOTOMOGRAFIA ARTERIAL PULMONAR	390.81
41001524	ANGIOTOMOGRAFIA VENOSA PULMONAR	390.81
41002040	TC - PUNÇÃO PARA INTRODUÇÃO DE CONTRASTE (ACRESCENTAR O EXAME DE BASE)	103.74
41101014	RM - CRÂNIO (ENCÉFALO)	616.77
41101022	RM - SELA TÚRCICA (HIPÓFISE)	616.77
41101030	RM - BASE DO CRÂNIO	616.77
41101057	PERFUSÃO CEREBRAL POR RM	309.27
41101065	ESPECTROSCOPIA POR RM	238.51
41101073	RM - ÓRBITA BILATERAL	616.77
41101081	RM - OSSOS TEMPORAIS BILATERAL	616.77
41101090	RM - FACE (INCLUI SEIOS DA FACE)	616.77
41101103	RM - ARTICULAÇÃO TEMPOROMANDIBULAR (BILATERAL)	604.77
41101111	RM - PESCOÇO (NASOFARINGE, OROFARINGE, LARINGE, TRAQUÉIA, TIREÓIDE, PARATIREÓIDE)	616.77
41101120	RM - TÓRAX (MEDIASTINO, PULMÃO, PAREDE TORÁCICA)	649.34
41101138	RM - CORAÇÃO - MORFOLÓGICO E FUNCIONAL	649.34
41101170	RM - ABDOME SUPERIOR (FÍGADO, PÂNCREAS, BAÇO, RINS, SUPRA-RENAIS, RETROPERITÔNIO)	649.34
41101189	RM - PELVE (NÃO INCLUI ARTICULAÇÕES COXOFEMORAIS)	616.77
41101197	RM - FETAL	649.34
41101200	RM - PÊNIS	604.77
41101219	RM - BOLSA ESCROTAL	604.77
41101227	RM - COLUNA CERVICAL OU DORSAL OU LOMBAR	616.77
41101235	RM - FLUXO LIQUÓRICO (COMO COMPLEMENTAR)	261.77
41101243	RM - PLEXO BRAQUIAL (DESFILADEIRO TORÁCICO) OU LOMBOSSACRAL (NÃO INCLUI COLUNA CERVICAL OU LOMBAR)	649.34
41101251	RM - MEMBRO SUPERIOR UNILATERAL (NÃO INCLUI MÃO E ARTICULAÇÕES)	616.77
41101260	RM - MÃO (NÃO INCLUI PUNHO)	616.77
41101278	RM - BACIA (ARTICULAÇÕES SACROILÍACAS)	616.77
41101286	RM - COXA (UNILATERAL)	616.77
41101294	RM - PERNA (UNILATERAL)	616.77
41101308	RM - PÉ (ANTEPÉ) - NÃO INCLUI TORNOZELO	616.77
41101316	RM - ARTICULAR (POR ARTICULAÇÃO)	616.77
41101332	ANGIO-RM DE AORTA TORÁCICA	649.34
41101340	ANGIO-RM DE AORTA ABDOMINAL	649.34
41101359	HIDRO-RM (COLÂNGIO-RM OU URO-RM OU MIELO-RM OU SIALO-RM OU CISTOGRAFIA POR RM)	616.77
41101472	RM - PLANEJAMENTO	173.33
41101480	RM - MAMA (BILATERAL)	668.38
41101499	ANGIO-RM ARTERIAL PULMONAR	668.38
41101502	ANGIO-RM VENOSA PULMONAR	668.38
41101510	ANGIO-RM ARTERIAL DE ABDOME SUPERIOR	668.38
41101529	ANGIO-RM VENOSA DE ABDOME SUPERIOR	668.38
41101537	ANGIO-RM ARTERIAL DE CRÂNIO	789.03
41101545	ANGIO-RM VENOSA DE CRÂNIO	789.03
41101553	ANGIO-RM ARTERIAL DE MEMBRO INFERIOR (UNILATERAL)	929.64
41101596	ANGIO-RM ARTERIAL DE PELVE	668.38
41101600	ANGIO-RM VENOSA DE PELVE	668.38
41101618	ANGIO-RM ARTERIAL DE PESCOÇO	668.38
41101626	ANGIO-RM VENOSA DE PESCOÇO	668.38
